{
  "token_acc":1.0,
  "cats_score":0.9641059977,
  "speed":18897.2456611285,
  "cats_f_per_type":{
    "RELEVANT":{
      "p":0.9187935035,
      "r":0.99,
      "f":0.9530685921
    },
    "IRRELEVANT":{
      "p":0.9947984395,
      "r":0.95625,
      "f":0.9751434034
    }
  },
  "cats_auc_per_type":{
    "RELEVANT":0.994728125,
    "IRRELEVANT":0.994728125
  }
}