{
  "token_acc":1.0,
  "cats_score":0.8749277427,
  "speed":16062.599048079,
  "cats_f_per_type":{
    "RELEVANT":{
      "p":0.8739612188,
      "r":0.78875,
      "f":0.8291721419
    },
    "IRRELEVANT":{
      "p":0.8992848629,
      "r":0.943125,
      "f":0.9206833435
    }
  },
  "cats_auc_per_type":{
    "RELEVANT":0.9332414062,
    "IRRELEVANT":0.9332414063
  }
}