{
  "token_acc":1.0,
  "cats_score":0.9313481507,
  "speed":21215.8119021466,
  "cats_f_per_type":{
    "RELEVANT":{
      "p":0.9385026738,
      "r":0.8775,
      "f":0.9069767442
    },
    "IRRELEVANT":{
      "p":0.9406779661,
      "r":0.97125,
      "f":0.9557195572
    }
  },
  "cats_auc_per_type":{
    "RELEVANT":0.9779796875,
    "IRRELEVANT":0.9779796875
  }
}