{
  "token_acc":1.0,
  "cats_score":0.963982684,
  "speed":14244.5362296087,
  "cats_f_per_type":{
    "RELEVANT":{
      "p":0.9247058824,
      "r":0.9825,
      "f":0.9527272727
    },
    "IRRELEVANT":{
      "p":0.9909677419,
      "r":0.96,
      "f":0.9752380952
    }
  },
  "cats_auc_per_type":{
    "RELEVANT":0.9940890625,
    "IRRELEVANT":0.9940875
  }
}